<?xml version="1.0" encoding="UTF-8"?>
<beans xmlns="http://www.springframework.org/schema/beans"
	xmlns:xsi="http://www.w3.org/2001/XMLSchema-instance"
	xmlns:context="http://www.springframework.org/schema/context"
	xsi:schemaLocation="http://www.springframework.org/schema/beans http://www.springframework.org/schema/beans/spring-beans-4.1.xsd
		http://www.springframework.org/schema/context http://www.springframework.org/schema/context/spring-context-4.1.xsd">
<context:annotation-config/>

<bean id="emp" class="org.cap.pojo.Employee">
<property name="empId" value="1001"/>
<property name="empName" value="Tom"/> 
<!-- <constructor-arg name="empId" value="1001"/>
<constructor-arg name="empName" value="Tom"/> -->
</bean>

<bean id="address" class="org.cap.pojo.Address">
	<property name="doorNo" value="23/A"/>
	<property name="streetName" value="South Street"/>
	<property name="city" value="Hyderabad"/>
</bean>


<bean id="empAddress1" class="org.cap.pojo.Address">
	<property name="doorNo" value="33/A"/>
	<property name="streetName" value="North Street"/>
	<property name="city" value="Bangalore"/>
</bean>


</beans>
