<?xml version="1.0" encoding="UTF-8"?>
<beans xmlns="http://www.springframework.org/schema/beans"
	xmlns:xsi="http://www.w3.org/2001/XMLSchema-instance"
	xmlns:context="http://www.springframework.org/schema/context"
	xsi:schemaLocation="http://www.springframework.org/schema/beans http://www.springframework.org/schema/beans/spring-beans-4.1.xsd
		http://www.springframework.org/schema/context http://www.springframework.org/schema/context/spring-context-4.1.xsd">


<bean id="emp" class="org.cap.pojo.Employee" autowire="constructor"
					init-method="init_Method" destroy-method="destroy_Method">
	<!-- <property name="empId" value="1001"/>
	<property name="empName" value="Tom"/> -->
	<!-- <property name="address" ref="empAddress"/> -->
	
	<constructor-arg name="empId" value="1003"/>
	<constructor-arg name="empName" value="Jack"/>
<!-- 	<constructor-arg name="address" ref="empAddress"/>
	 -->
</bean>


<bean id="empaddress" class="org.cap.pojo.Address">
	<property name="doorNo" value="23/A"/>
	<property name="streetName" value="South Street"/>
	<property name="city" value="Bangalore"/>
</bean>

<!-- <bean id="employeeaddress" class="org.cap.pojo.Address">
	<property name="doorNo" value="12/B"/>
	<property name="streetName" value="North Street"/>
	<property name="city" value="Hyderabad"/>
</bean>
 -->
 
 
 
 <bean id="myBeanPost" class="org.cap.pojo.MyBeanPostProcessImpl"/>
 
 
</beans>
