<?xml version="1.0" encoding="UTF-8"?>
<beans xmlns="http://www.springframework.org/schema/beans"
	xmlns:xsi="http://www.w3.org/2001/XMLSchema-instance"
	xmlns:context="http://www.springframework.org/schema/context"
	xsi:schemaLocation="http://www.springframework.org/schema/beans http://www.springframework.org/schema/beans/spring-beans-4.1.xsd
		http://www.springframework.org/schema/context http://www.springframework.org/schema/context/spring-context-4.1.xsd">

<bean id="myCollection" class="org.cap.pojo.MyCollection">
	<property name="employees">
		<list>
			<!-- <value>Tom</value>
			<value>Jerry</value>
			<value>Jack</value> -->
			<ref bean="emp"/>
			<ref bean="emp1"/>
			<ref bean="emp2"/>
		</list>
	</property>
</bean>
 
 
 <bean id="emp" class="org.cap.pojo.Employee" >
	 <property name="empId" value="1001"/>
	<property name="empName" value="Tom"/> 	
</bean>

<bean id="emp1" class="org.cap.pojo.Employee" >
	 <property name="empId" value="1003"/>
	<property name="empName" value="Jack"/> 	
</bean>

<bean id="emp2" class="org.cap.pojo.Employee" >
	 <property name="empId" value="1002"/>
	<property name="empName" value="Emi"/> 	
</bean>


 
<bean id="coll" class="org.cap.pojo.CollectionDemo">
	<property name="set">
		<set>
			<value>Tom</value>
			<value>Tom</value>
			<value>Jack</value>
		</set>
	
	</property>
	
	<property name="maps">
		<map>
			<entry key="123" value-ref="emp"/>
			<entry key="1001" value-ref="emp1"/>
		</map>
	</property>
	
	<property name="properties">
		<props>
			<prop key="jdbc.driver">mysqlDriver</prop>
			<prop key="jdbc.url">localhost</prop>
		</props>
	</property>
	
</bean>








</beans>
